{
  "pooled": {
    "svd_entropy": {
      "muon": {
        "n": 228,
        "mean": 0.9310079697028615,
        "std": 0.03229254189169322,
        "median": 0.9316261425685158,
        "q25": 0.9111767229841563,
        "q75": 0.9488705663426097
      },
      "muon_vs": {
        "n": 228,
        "mean": 0.9369223955635438,
        "std": 0.024947848191001813,
        "median": 0.9386294287558936,
        "q25": 0.9247453994254105,
        "q75": 0.9516079429278428
      },
      "mousse": {
        "n": 228,
        "mean": 0.9539378327471325,
        "std": 0.02791244854559186,
        "median": 0.9516568486853103,
        "q25": 0.9350496173645086,
        "q75": 0.9788386763654977
      },
      "adam": {
        "n": 228,
        "mean": 0.9170000783231346,
        "std": 0.046813934856356286,
        "median": 0.9234258231467649,
        "q25": 0.9132949890968116,
        "q75": 0.9464270974352988
      }
    },
    "stable_rank_norm": {
      "muon": {
        "n": 228,
        "mean": 0.3314450162718867,
        "std": 0.1634632073895182,
        "median": 0.3115975161393484,
        "q25": 0.2137359380722046,
        "q75": 0.3867513984441757
      },
      "muon_vs": {
        "n": 228,
        "mean": 0.3172187587976108,
        "std": 0.1220019540758023,
        "median": 0.28822429974873864,
        "q25": 0.24122106035550436,
        "q75": 0.34850117564201355
      },
      "mousse": {
        "n": 228,
        "mean": 0.4053519986003463,
        "std": 0.16333702516694545,
        "median": 0.39397354920705163,
        "q25": 0.255344291528066,
        "q75": 0.5351476073265076
      },
      "adam": {
        "n": 228,
        "mean": 0.20619678170534603,
        "std": 0.13171101472928642,
        "median": 0.1763393183549245,
        "q25": 0.10178597271442413,
        "q75": 0.29105645914872486
      }
    },
    "sigma_max": {
      "muon": {
        "n": 228,
        "mean": 11.57544691939103,
        "std": 3.275026712525393,
        "median": 10.537190914154053,
        "q25": 9.33298373222351,
        "q75": 13.702525615692139
      },
      "muon_vs": {
        "n": 228,
        "mean": 11.120702272967288,
        "std": 3.5276736848015604,
        "median": 10.025716304779053,
        "q25": 8.26360273361206,
        "q75": 13.903432846069336
      },
      "mousse": {
        "n": 228,
        "mean": 9.107203188695406,
        "std": 3.5163422793327364,
        "median": 7.683381795883179,
        "q25": 6.36198091506958,
        "q75": 13.097283840179443
      },
      "adam": {
        "n": 228,
        "mean": 1.5426623604276724,
        "std": 0.8878274886607265,
        "median": 1.1779098510742188,
        "q25": 0.8574982136487961,
        "q75": 2.0665376782417297
      }
    },
    "cond_number": {
      "muon": {
        "n": 228,
        "mean": 11.151861096160454,
        "std": 9.289168874087256,
        "median": 8.728753089904785,
        "q25": 3.2948755621910095,
        "q75": 17.627378463745117
      },
      "muon_vs": {
        "n": 228,
        "mean": 6.105845270972503,
        "std": 2.8296948518544887,
        "median": 6.457223892211914,
        "q25": 3.3584524989128113,
        "q75": 7.756272912025452
      },
      "mousse": {
        "n": 228,
        "mean": 5.975539665473135,
        "std": 4.373852820811173,
        "median": 3.923933267593384,
        "q25": 2.121928870677948,
        "q75": 9.018691778182983
      },
      "adam": {
        "n": 228,
        "mean": 7.449314609954231,
        "std": 6.072792781161233,
        "median": 3.8204630613327026,
        "q25": 2.8671674728393555,
        "q75": 11.941174030303955
      }
    }
  },
  "per_seed_mean": {
    "svd_entropy": {
      "muon": {
        "s42": 0.930903304786336,
        "s137": 0.9303902524865442,
        "s2024": 0.9317303518357044
      },
      "muon_vs": {
        "s42": 0.938828022354372,
        "s137": 0.9374432669835842,
        "s2024": 0.934495897352675
      },
      "mousse": {
        "s42": 0.9541293485072573,
        "s137": 0.9538177285384185,
        "s2024": 0.9538664211957218
      },
      "adam": {
        "s42": 0.9169671952572156,
        "s137": 0.9144543944634768,
        "s2024": 0.9195786452487112
      }
    },
    "stable_rank_norm": {
      "muon": {
        "s42": 0.32140610458558067,
        "s137": 0.337605157965108,
        "s2024": 0.33532378626497167
      },
      "muon_vs": {
        "s42": 0.3205947459005473,
        "s137": 0.3188813178424249,
        "s2024": 0.3121802126498599
      },
      "mousse": {
        "s42": 0.40534989156743934,
        "s137": 0.40102424158861766,
        "s2024": 0.4096818626449819
      },
      "adam": {
        "s42": 0.20516684172642335,
        "s137": 0.20717406318637366,
        "s2024": 0.2062494402032411
      }
    },
    "sigma_max": {
      "muon": {
        "s42": 11.749077156970376,
        "s137": 11.40259838104248,
        "s2024": 11.574665220160233
      },
      "muon_vs": {
        "s42": 11.187967356882597,
        "s137": 11.050578399708396,
        "s2024": 11.123561062310872
      },
      "mousse": {
        "s42": 9.133480046924792,
        "s137": 9.129998112979688,
        "s2024": 9.058131406181737
      },
      "adam": {
        "s42": 1.5427969584339543,
        "s137": 1.5321974817075228,
        "s2024": 1.5529926411415402
      }
    }
  },
  "paired_muon_minus_adam": {
    "svd_entropy": {
      "n_pairs": 228,
      "mean_delta": 0.014007891379726937,
      "std_delta": 0.05128914378827523,
      "frac_muon_greater": 0.543859649122807
    },
    "stable_rank_norm": {
      "n_pairs": 228,
      "mean_delta": 0.12524823456654074,
      "std_delta": 0.094064148669686,
      "frac_muon_greater": 0.956140350877193
    },
    "sigma_max": {
      "n_pairs": 228,
      "mean_delta": 10.032784558963357,
      "std_delta": 2.742313458227406,
      "frac_muon_greater": 1.0
    }
  }
}